"Name","Team","POS","Salary","Contract.Length","Contract.Start","Total.Value","Avg.Annual"
"Clayton Kershaw","LAD","SP",3.3e+07,7,"2014",2.15e+08,30714286
"Zack Greinke","ARI","SP",31799030,6,"2016",206500000,34416666
"David Price","BOS","SP",3e+07,7,"2016",2.17e+08,3.1e+07
"Miguel Cabrera","DET","1B",2.8e+07,10,"2014",2.92e+08,29200000
"Justin Verlander","DET","SP",2.8e+07,7,"2013",1.8e+08,25714285
"Yoenis Cespedes","NYM","CF",27328046,3,"2016",7.5e+07,2.5e+07
"Felix Hernandez","SEA","SP",25857143,7,"2013",1.75e+08,2.5e+07
"Albert Pujols","LAA","1B",2.5e+07,10,"2012",2.4e+08,2.4e+07
"Jon Lester","CHC","SP",2.5e+07,6,"2015",1.55e+08,25833333
"Ryan Howard","PHI","1B",2.5e+07,5,"2012",1.25e+08,2.5e+07
"CC Sabathia","NYY","SP",2.5e+07,5,"2012",1.22e+08,24400000
"Robinson Cano","SEA","2B",2.4e+07,10,"2014",2.4e+08,2.4e+07
"Prince Fielder","TEX","DH",2.4e+07,9,"2012",2.14e+08,23777778
"Josh Hamilton","TEX","LF",2.4e+07,5,"2013",1.25e+08,2.5e+07
"Mark Teixeira","NYY","1B",23125000,8,"2009",1.8e+08,22500000
"Joe Mauer","MIN","1B",2.3e+07,8,"2011",1.84e+08,2.3e+07
"Hanley Ramirez","BOS","1B",22750000,4,"2015",8.8e+07,2.2e+07
"Cole Hamels","TEX","SP",22500000,6,"2013",1.44e+08,2.4e+07
"Max Scherzer","WSH","SP",22142857,7,"2015",2.1e+08,3e+07
"Justin Upton","DET","LF",22125000,6,"2016",132750000,22125000
"Masahiro Tanaka","NYY","SP",2.2e+07,7,"2014",1.55e+08,22142857
"Jose Reyes","COL","SS",2.2e+07,6,"2012",1.06e+08,17666666
"Jayson Werth","WSH","LF",21733615,7,"2011",1.26e+08,1.8e+07
"Matt Kemp","SD","RF",21500000,8,"2012",1.6e+08,2e+07
"Chris Davis","BAL","1B",21268890,7,"2016",1.61e+08,2.3e+07
"Jacoby Ellsbury","NYY","CF",21142857,7,"2014",1.53e+08,21857142
"Alex Rodriguez","NYY","DH",2.1e+07,10,"2008",2.75e+08,27500000
"Adrian Gonzalez","LAD","1B",2.1e+07,7,"2012",1.54e+08,2.2e+07
"James Shields","SD","SP",2.1e+07,4,"2015",7.5e+07,18750000
"Matt Cain","SF","SP",20833333,6,"2012",127500000,21250000
"Buster Posey","SF","C",20777778,9,"2013",1.67e+08,18555555
"Carl Crawford","LAD","OF",20750000,7,"2011",1.42e+08,20285714
"C.J. Wilson","LAA","SP",20500000,5,"2012",77500000,15500000
"Jered Weaver","LAA","SP",20200000,5,"2012",8.5e+07,1.7e+07
"Rick Porcello","BOS","SP",20125000,4,"2016",82500000,20625000
"Joey Votto","CIN","1B",2e+07,10,"2014",2.25e+08,22500000
"Troy Tulowitzki","TOR","SS",2e+07,10,"2011",157750000,15775000
"Shin-Soo Choo","TEX","RF",2e+07,7,"2014",1.3e+08,18571429
"Jason Heyward","CHC","RF",19555288,8,"2016",1.84e+08,2.3e+07
"Adam Wainwright","STL","SP",19500000,5,"2014",97500000,19500000
"David Wright","NYM","3B",19364801,8,"2013",1.38e+08,17250000
"Ryan Braun","MIL","OF",19315013,13,"2008",1.5e+08,11538461
"Hunter Pence","SF","RF",18700000,5,"2014",9e+07,1.8e+07
"Jordan Zimmermann","DET","SP",1.8e+07,5,"2016",1.1e+08,2.2e+07
"Homer Bailey","CIN","SP",1.8e+07,6,"2014",1.05e+08,17500000
"Andre Ethier","LAD","LF",1.8e+07,5,"2013",8.5e+07,1.7e+07
"Victor Martinez","DET","DH",1.8e+07,4,"2015",6.8e+07,1.7e+07
"Adrian Beltre","TEX","3B",1.8e+07,1,"2016",1.8e+07,1.8e+07
"Pablo Sandoval","BOS","3B",17600000,5,"2015",9.5e+07,1.9e+07
"Johnny Cueto","SF","SP",17500000,6,"2016",1.3e+08,21666666
"Carlos Gonzalez","COL","RF",17428571,7,"2011",8e+07,11428571
"Matt Holliday","STL","LF",1.7e+07,7,"2010",1.2e+08,17142857
"Brian McCann","NYY","C",1.7e+07,5,"2014",8.5e+07,1.7e+07
"Anibal Sanchez","DET","SP",16800000,5,"2013",8e+07,1.6e+07
"Adam Jones","BAL","OF",16329674,6,"2013",85500000,14250000
"Mike Trout","LAA","CF",16083333,6,"2015",144500000,24083333
"Curtis Granderson","NYM","CF",1.6e+07,4,"2014",6e+07,1.5e+07
"John Lackey","CHC","SP",1.6e+07,2,"2016",3.2e+07,1.6e+07
"David Ortiz","BOS","DH",1.6e+07,1,"2016",1.6e+07,1.6e+07
"Brett Anderson","LAD","SP",15800000,1,"2016",15800000,15800000
"Colby Rasmus","HOU","LF",15800000,1,"2016",15800000,15800000
"Matt Wieters","BAL","C",15800000,1,"2016",15800000,15800000
"John Danks","CWS","SP",15750000,5,"2012",6.5e+07,1.3e+07
"Melvin Upton Jr.","SD","LF",15450000,5,"2013",72500000,14500000
"Elvis Andrus","TEX","SS",15333333,8,"2015",1.2e+08,1.5e+07
"Russell Martin","TOR","C",1.5e+07,5,"2015",8.2e+07,16400000
"Carlos Beltran","NYY","RF",1.5e+07,3,"2014",4.5e+07,1.5e+07
"Jake Peavy","SF","SP",1.5e+07,2,"2015",2.4e+07,1.2e+07
"Scott Kazmir","LAD","SP",14985384,3,"2016",4.8e+07,1.6e+07
"Nelson Cruz","SEA","DH",14250000,4,"2015",5.7e+07,14250000
"Yadier Molina","STL","C",14200000,5,"2013",7.5e+07,1.5e+07
"Ryan Zimmerman","WSH","1B",1.4e+07,6,"2014",1e+08,16666666
"Ian Kinsler","DET","2B",1.4e+07,5,"2013",7.5e+07,1.5e+07
"Miguel Montero","CHC","C",1.4e+07,5,"2013",6e+07,1.2e+07
"Melky Cabrera","CWS","LF",1.4e+07,3,"2015",4.2e+07,1.4e+07
"Jose Bautista","TOR","RF",1.4e+07,1,"2016",1.4e+07,1.4e+07
"Francisco Liriano","PIT","SP",13666667,3,"2015",3.9e+07,1.3e+07
"Ervin Santana","MIN","SP",13500000,4,"2015",5.5e+07,13750000
"Brett Gardner","NYY","LF",13500000,4,"2015",5.2e+07,1.3e+07
"Andrew McCutchen","PIT","CF",13208333,6,"2012",51500000,8583333
"Brandon Phillips","CIN","2B",13083333,6,"2012",72500000,12083333
"Matt Harrison","PHI","SP",1.3e+07,5,"2013",5.5e+07,1.1e+07
"Chase Headley","NYY","3B",1.3e+07,4,"2015",5.2e+07,1.3e+07
"Clay Buchholz","BOS","SP",1.3e+07,1,"2016",1.3e+07,1.3e+07
"Ubaldo Jimenez","BAL","P",12673102,4,"2014",5e+07,12500000
"Dustin Pedroia","BOS","2B",12642511,8,"2014",1.1e+08,13750000
"Evan Longoria","TB","3B",12600018,10,"2013",1.36e+08,13600000
"Jay Bruce","CIN","OF",12541666,6,"2011",5.1e+07,8500000
"Wei-Yin Chen","MIA","SP",12500000,5,"2016",8e+07,1.6e+07
"Jhonny Peralta","STL","SS",12500000,4,"2014",5.3e+07,13250000
"Brandon McCarthy","LAD","SP",12500000,4,"2015",4.8e+07,1.2e+07
"Jorge De La Rosa","COL","SP",12500000,2,"2015",2.5e+07,12500000
"Freddie Freeman","ATL","1B",12359375,8,"2014",1.35e+08,16875000
"Matt Garza","MIL","SP",12209424,4,"2014",5e+07,12500000
"J.J. Hardy","BAL","SS",12209424,3,"2015",4e+07,13333333
"Gio Gonzalez","WSH","SP",12100000,5,"2012",4.2e+07,8400000
"Mike Leake","STL","SP",1.2e+07,5,"2016",8e+07,1.6e+07
"Alex Gordon","KC","LF",1.2e+07,4,"2016",7.2e+07,1.8e+07
"Ricky Nolasco","MIN","SP",1.2e+07,4,"2014",4.9e+07,12250000
"Aaron Hill","MIL","3B",1.2e+07,3,"2014",3.5e+07,11666667
"R.A. Dickey","TOR","SP",1.2e+07,1,"2016",2.5e+07,2.5e+07
"Jose Abreu","CWS","1B",11666667,6,"2014",6.8e+07,11333333
"Billy Butler","OAK","DH",11666667,3,"2015",3e+07,1e+07
"Josh Donaldson","TOR","3B",11650000,2,"2016",28650000,14325000
"Marco Estrada","TOR","SP",11500000,2,"2016",2.6e+07,1.3e+07
"Jaime Garcia","STL","SP",11500000,1,"2016",11500000,11500000
"Rusney Castillo","BOS","RF",11400000,7,"2014",72500000,10357142
"Angel Pagan","SF","LF",11250000,4,"2013",4e+07,1e+07
"David Robertson","CWS","RP",1.1e+07,4,"2015",4.6e+07,11500000
"Nick Markakis","ATL","RF",1.1e+07,4,"2015",4.4e+07,1.1e+07
"Craig Kimbrel","BOS","RP",1.1e+07,4,"2014",4.2e+07,10500000
"Martin Prado","MIA","3B",1.1e+07,4,"2013",4e+07,1e+07
"Coco Crisp","OAK","CF",1.1e+07,2,"2015",2.2e+07,1.1e+07
"Hisashi Iwakuma","SEA","SP",10976096,1,"2016",10976096,10976096
"Jonathan Papelbon","WSH","RP",10936574,1,"2016",10936574,10936574
"Jeff Samardzija","SF","SP",10800000,5,"2016",9e+07,1.8e+07
"Jake Arrieta","CHC","SP",10700000,1,"2016",10700000,10700000
"Kenley Jansen","LAD","RP",10650000,1,"2016",10650000,10650000
"Neil Walker","NYM","2B",10550000,1,"2016",10550000,10550000
"Ben Zobrist","CHC","2B",10500000,4,"2016",5.6e+07,1.4e+07
"Stephen Strasburg","WSH","SP",10400000,1,"2016",10400000,10400000
"Yu Darvish","TEX","SP",1e+07,6,"2012",5.6e+07,9333333
"J.A. Happ","TOR","SP",1e+07,3,"2016",3.6e+07,1.2e+07
"Derek Holland","TEX","SP",1e+07,5,"2012",28500000,5700000
"Edwin Encarnacion","TOR","DH",1e+07,1,"2016",1e+07,1e+07
"Madison Bumgarner","SF","SP",9916667,5,"2013",3.5e+07,7e+06
"Mark Melancon","PIT","RP",9650000,1,"2016",9650000,9650000
"Tyson Ross","SD","SP",9625000,1,"2016",9625000,9625000
"Howie Kendrick","LAD","2B",9540378,2,"2016",2e+07,1e+07
"Edinson Volquez","KC","SP",9500000,2,"2015",2e+07,1e+07
"Aroldis Chapman","NYY","RP",9468443,1,"2016",11325000,11325000
"Phil Hughes","MIN","SP",9200000,5,"2015",5.8e+07,11600000
"Chris Sale","CWS","SP",9150000,5,"2013",32500000,6500000
"Mark Trumbo","BAL","RF",9150000,1,"2016",9150000,9150000
"Giancarlo Stanton","MIA","RF",9e+06,13,"2015",3.25e+08,2.5e+07
"Andrew Miller","NYY","RP",9e+06,4,"2015",3.6e+07,9e+06
"Jon Niese","PIT","SP",9e+06,5,"2012",25519500,5103900
"Carlos Gomez","HOU","CF",9e+06,3,"2014",2.4e+07,8e+06
"Jason Hammel","CHC","P",9e+06,2,"2015",2e+07,1e+07
"Koji Uehara","BOS","P",9e+06,2,"2015",1.8e+07,9e+06
"Kendrys Morales","KC","DH",9e+06,2,"2015",1.7e+07,8500000
"Sergio Romo","SF","RP",9e+06,2,"2015",1.5e+07,7500000
"Yovani Gallardo","BAL","SP",8728776,2,"2016",2.2e+07,1.1e+07
"Erick Aybar","ATL","SS",8500000,4,"2013",3.5e+07,8750000
"Jason Vargas","KC","SP",8500000,4,"2014",3.2e+07,8e+06
"Carlos Ruiz","PHI","C",8500000,3,"2014",2.6e+07,8666666
"Carlos Santana","CLE","C",8450000,5,"2012",21001900,4200380
"Drew Storen","TOR","RP",8375000,1,"2016",8375000,8375000
"Asdrubal Cabrera","NYM","SS",8250000,2,"2016",18500000,9250000
"Eric Hosmer","KC","1B",8250000,2,"2015",13900000,6950000
"Todd Frazier","CWS","3B",8250000,2,"2015",1.2e+07,6e+06
"Brandon Moss","STL","1B",8250000,1,"2016",8250000,8250000
"Chris Johnson","MIA","3B",8007500,3,"2015",23500000,7833333
"Kyle Seager","SEA","3B",8e+06,7,"2015",1e+08,14285714
"Daniel Murphy","WSH","2B",8e+06,3,"2016",37500000,12500000
"Scott Feldman","HOU","SP",8e+06,3,"2014",3e+07,1e+07
"Gerardo Parra","COL","LF",8e+06,3,"2016",27500000,9166666
"Charlie Morton","PHI","SP",8e+06,3,"2014",2.1e+07,7e+06
"Huston Street","LAA","RP",8e+06,2,"2016",1.8e+07,9e+06
"Michael Morse","PIT","1B",8e+06,2,"2015",1.6e+07,8e+06
"Mike Pelfrey","DET","SP",8e+06,2,"2016",1.6e+07,8e+06
"Adam Lind","SEA","1B",8e+06,1,"2016",8e+06,8e+06
"Cameron Maybin","DET","OF",8e+06,1,"2016",8e+06,8e+06
"Dexter Fowler","CHC","CF",8e+06,1,"2016",8e+06,8e+06
"Ian Desmond","TEX","LF",8e+06,1,"2016",8e+06,8e+06
"Wade Davis","KC","RP",8e+06,1,"2016",8e+06,8e+06
"Starlin Castro","NYY","2B",7857142,7,"2013",6e+07,8571428
"Hyun-Jin Ryu","LAD","SP",7833333,6,"2013",3.6e+07,6e+06
"Omar Infante","KC","2B",7750000,4,"2014",30250000,7562500
"Ian Kennedy","KC","SP",7500000,5,"2016",7e+07,1.4e+07
"Yasmany Tomas","ARI","OF",7500000,6,"2015",68500000,11416666
"Alex Guerrero","LAD","SS",7500000,4,"2014",2.8e+07,7e+06
"Jed Lowrie","OAK","2B",7500000,3,"2015",2.3e+07,7666666
"Lance Lynn","STL","SP",7500000,3,"2015",2.2e+07,7333333
"Joaquin Benoit","SEA","RP",7500000,1,"2016",7500000,7500000
"Francisco Rodriguez","DET","RP",7383481,2,"2015",1.3e+07,6500000
"Michael Brantley","CLE","OF",7375000,4,"2014",2.5e+07,6250000
"Bartolo Colon","NYM","SP",7250000,1,"2016",7250000,7250000
"Dallas Keuchel","HOU","SP",7250000,1,"2016",7250000,7250000
"Trevor Plouffe","MIN","3B",7250000,1,"2016",7250000,7250000
"Yasiel Puig","LAD","RF",7214285,7,"2012",4.2e+07,6e+06
"Andrew Cashner","SD","SP",7150000,1,"2016",7150000,7150000
"Joakim Soria","KC","RP",7e+06,3,"2016",2.5e+07,8333333
"Yunel Escobar","LAA","3B",7e+06,2,"2015",1.3e+07,6500000
"Chase Utley","LAD","2B",7e+06,1,"2016",7e+06,7e+06
"Doug Fister","HOU","SP",7e+06,1,"2016",7e+06,7e+06
"Jeremy Hellickson","PHI","SP",7e+06,1,"2016",7e+06,7e+06
"Mike Napoli","CLE","1B",7e+06,1,"2016",7e+06,7e+06
"J.D. Martinez","DET","RF",6750000,2,"2016",18500000,9250000
"Luke Gregerson","HOU","RP",6750000,3,"2015",18500000,6166666
"Seth Smith","SEA","RF",6750000,2,"2015",1.3e+07,6500000
"Zach Britton","BAL","RP",6750000,1,"2016",6750000,6750000
"Lucas Duda","NYM","1B",6725000,1,"2016",6725000,6725000
"Ryan Madson","OAK","RP",6666667,3,"2016",2.2e+07,7333333
"Josh Reddick","OAK","RF",6575000,1,"2016",6575000,6575000
"Matt Carpenter","STL","3B",6500000,6,"2014",5.2e+07,8666666
"Lorenzo Cain","KC","CF",6500000,2,"2016",17500000,8750000
"Chris Young","BOS","LF",6500000,2,"2016",1.3e+07,6500000
"Pat Neshek","HOU","RP",6500000,2,"2015",12500000,6250000
"Santiago Casilla","SF","RP",6500000,1,"2016",6500000,6500000
"Garrett Richards","LAA","SP",6425000,1,"2016",6425000,6425000
"Glen Perkins","MIN","RP",6300000,4,"2014",22175000,5543750
"Boone Logan","COL","RP",6250000,3,"2014",16500000,5500000
"Ben Revere","WSH","CF",6250000,1,"2016",6250000,6250000
"J.P. Howell","LAD","RP",6250000,1,"2016",6250000,6250000
"Jon Jay","SD","CF",6225000,2,"2015",10975000,5487500
"Chris Tillman","BAL","SP",6225000,1,"2016",6225000,6225000
"Brandon Belt","SF","1B",6200000,1,"2016",6200000,6200000
"Travis Wood","CHC","RP",6170000,1,"2016",6170000,6170000
"Jason Kipnis","CLE","2B",6166667,6,"2014",52500000,8750000
"Luis Valbuena","HOU","3B",6125000,1,"2016",6125000,6125000
"Tyler Clippard","ARI","RP",6100000,2,"2016",12250000,6125000
"Brandon Crawford","SF","SS",6e+06,6,"2016",7.5e+07,12500000
"Andrelton Simmons","LAA","SS",6e+06,7,"2014",5.8e+07,8285714
"Wade Miley","SEA","SP",6e+06,3,"2015",19250000,6416666
"Tony Sipp","HOU","RP",6e+06,3,"2016",1.8e+07,6e+06
"Kurt Suzuki","MIN","C",6e+06,2,"2015",1.2e+07,6e+06
"Colby Lewis","TEX","SP",6e+06,1,"2016",6e+06,6e+06
"Rich Hill","OAK","SP",6e+06,1,"2016",6e+06,6e+06
"Darren O'Day","BAL","RP",5854712,4,"2016",3.1e+07,7750000
"Paul Goldschmidt","ARI","1B",5833333,5,"2014",3.2e+07,6400000
"Alejandro De Aza","NYM","LF",5750000,1,"2016",5750000,5750000
"Pedro Alvarez","BAL","1B",5731704,1,"2016",5731704,5731704
"Mitch Moreland","TEX","1B",5700000,1,"2016",5700000,5700000
"Mike Moustakas","KC","3B",5600000,2,"2016",14300000,7150000
"Nathan Eovaldi","NYY","SP",5600000,1,"2016",5600000,5600000
"Trevor Rosenthal","STL","RP",5600000,1,"2016",5600000,5600000
"Mark Lowe","DET","RP",5500000,2,"2016",1.1e+07,5500000
"Brad Ziegler","ARI","P",5500000,2,"2014",10500000,5250000
"Luke Hochevar","KC","RP",5500000,2,"2015",1e+07,5e+06
"Kris Medlen","KC","P",5500000,2,"2015",8500000,4250000
"Nori Aoki","SEA","LF",5500000,1,"2016",5500000,5500000
"Jose Quintana","CWS","SP",5400000,5,"2014",2.1e+07,4200000
"Antonio Bastardo","NYM","RP",5375000,2,"2016",1.2e+07,6e+06
"Wilson Ramos","WSH","C",5350000,1,"2016",5350000,5350000
"Kevin Jepsen","MIN","RP",5312000,1,"2016",5312000,5312000
"Addison Reed","NYM","RP",5300000,1,"2016",5300000,5300000
"Anthony Rizzo","CHC","1B",5285714,7,"2013",4.1e+07,5857142
"Josh Harrison","PIT","2B",5250000,4,"2015",27300000,6825000
"Joe Smith","LAA","RP",5250000,3,"2014",15750000,5250000
"Alcides Escobar","KC","SS",5250000,1,"2016",5250000,1312500
"Rajai Davis","CLE","CF",5250000,1,"2016",5250000,5250000
"Matt Moore","TB","SP",5100000,5,"2012",1.4e+07,2800000
"Justin Turner","LAD","3B",5100000,1,"2016",5100000,5100000
"Devin Mesoraco","CIN","C",5025000,4,"2015",2.8e+07,7e+06
"Denard Span","SF","CF",5e+06,3,"2016",3.1e+07,10333333
"Zach Duke","CWS","RP",5e+06,3,"2015",1.5e+07,5e+06
"Javier Lopez","SF","RP",5e+06,3,"2014",1.3e+07,4333333
"Jason Motte","COL","RP",5e+06,2,"2016",1e+07,5e+06
"Bryce Harper","WSH","RF",5e+06,2,"2015",7500000,3750000
"Austin Jackson","CWS","CF",5e+06,1,"2016",5e+06,5e+06
"Hector Santiago","LAA","SP",5e+06,1,"2016",5e+06,5e+06
"Jason Castro","HOU","C",5e+06,1,"2016",5e+06,5e+06
"Manny Machado","BAL","3B",5e+06,1,"2016",5e+06,5e+06
"Nolan Arenado","COL","3B",5e+06,1,"2016",5e+06,5e+06
"Chris Coghlan","OAK","RF",4800000,1,"2016",4800000,4800000
"Jake McGee","COL","RP",4800000,1,"2016",4800000,4800000
"Steve Pearce","TB","1B",4750000,1,"2016",4750000,4750000
"Corey Kluber","CLE","SP",4700000,5,"2015",38500000,7700000
"Carlos Carrasco","CLE","SP",4500000,4,"2015",2.2e+07,5500000
"John Axford","OAK","RP",4500000,2,"2016",1e+07,5e+06
"A.J. Ellis","LAD","C",4500000,1,"2016",4500000,4500000
"Tommy Milone","MIN","RP",4500000,1,"2016",4500000,4500000
"Pedro Strop","CHC","RP",4400000,1,"2016",4400000,4400000
"Shelby Miller","ARI","SP",4350000,1,"2016",4350000,4350000
"Matt Harvey","NYM","SP",4325000,1,"2016",4325000,4325000
"Michael Pineda","NYY","SP",4300000,1,"2016",4300000,4300000
"Chris Young","KC","SP",4250000,2,"2016",11500000,5750000
"Chris Iannetta","SEA","C",4250000,1,"2016",4250000,4250000
"Henderson Alvarez","OAK","SP",4250000,1,"2016",4250000,4250000
"Trevor Cahill","CHC","RP",4250000,1,"2016",4250000,4250000
"Danny Duffy","KC","RP",4225000,1,"2016",4225000,4225000
"Hector Rondon","CHC","RP",4200000,1,"2016",4200000,4200000
"Logan Morrison","TB","1B",4200000,1,"2016",4200000,4200000
"Cody Allen","CLE","RP",4150000,1,"2016",4150000,4150000
"Leonys Martin","SEA","CF",4150000,1,"2016",4150000,4150000
"Brett Lawrie","CWS","2B",4125000,1,"2016",4125000,4125000
"Jonathan Lucroy","MIL","C",4100000,5,"2012",1.1e+07,2200000
"Ivan Nova","NYY","RP",4100000,1,"2016",4100000,4100000
"Jeurys Familia","NYM","RP",4100000,1,"2016",4100000,4100000
"Hector Olivera","ATL","OF",4e+06,6,"2015",62500000,10416666
"Jedd Gyorko","STL","3B",4e+06,6,"2014",35510900,5918483
"Shawn Kelley","WSH","RP",4e+06,3,"2016",1.5e+07,5e+06
"Steve Cishek","SEA","RP",4e+06,2,"2016",1e+07,5e+06
"John Jaso","PIT","1B",4e+06,2,"2016",8e+06,4e+06
"Alex Cobb","TB","SP",4e+06,1,"2016",4e+06,4e+06
"Dioner Navarro","CWS","C",4e+06,1,"2016",4e+06,4e+06
"Jerry Blevins","NYM","RP",4e+06,1,"2016",4e+06,4e+06
"Jesse Chavez","TOR","RP",4e+06,1,"2016",4e+06,4e+06
"Joe Blanton","LAD","RP",4e+06,1,"2016",4e+06,4e+06
"Juan Uribe","CLE","3B",4e+06,1,"2016",4e+06,4e+06
"Gregor Blanco","SF","OF",3900000,2,"2015",7500000,3750000
"Brian Matusz","BAL","RP",3900000,1,"2016",3900000,3900000
"David Hernandez","PHI","RP",3900000,1,"2016",3900000,3900000
"Justin Smoak","TOR","1B",3900000,1,"2016",3900000,3900000
"Neftali Feliz","PIT","RP",3900000,1,"2016",3900000,3900000
"Brett Cecil","TOR","RP",3800000,1,"2016",3800000,3800000
"Jonathan Broxton","STL","RP",3750000,2,"2016",7500000,3750000
"Drew Smyly","TB","SP",3750000,1,"2016",3750000,3750000
"Ryan Hanigan","BOS","C",3700000,3,"2014",10750000,3583333
"Welington Castillo","ARI","C",3700000,1,"2016",3700000,3700000
"Jose Altuve","HOU","2B",3687500,4,"2014",12500000,3125000
"Jordan Walden","STL","RP",3675000,2,"2015",6600000,3300000
"Jorge Soler","CHC","RF",3666666,9,"2012",3e+07,3333333
"Jason Grilli","ATL","P",3625000,2,"2015",8e+06,4e+06
"A.J. Pollock","ARI","CF",3500000,2,"2016",10250000,5125000
"Charlie Blackmon","COL","CF",3500000,1,"2016",3500000,3500000
"Francisco Cervelli","PIT","C",3500000,1,"2016",3500000,3500000
"Tom Koehler","MIA","SP",3500000,1,"2016",3500000,3500000
"Julio Teheran","ATL","P",3466666,6,"2014",32400000,5400000
"Mike Dunn","MIA","P",3450000,2,"2015",5800000,2900000
"Tony Watson","PIT","RP",3450000,1,"2016",3450000,3450000
"A.J. Ramos","MIA","RP",3400000,1,"2016",3400000,3400000
"Kole Calhoun","LAA","RF",3400000,1,"2016",3400000,3400000
"Junichi Tazawa","BOS","RP",3375000,1,"2016",3375000,3375000
"Starling Marte","PIT","LF",3333333,6,"2014",3.1e+07,5166666
"Desmond Jennings","TB","LF",3300000,1,"2016",3300000,3300000
"Evan Gattis","HOU","DH",3300000,1,"2016",3300000,3300000
"Shawn Tolleson","TEX","RP",3275000,1,"2016",3275000,3275000
"Dee Gordon","MIA","2B",3242202,5,"2016",5e+07,1e+07
"Raisel Iglesias","CIN","SP",3214285,7,"2014",2.7e+07,3857142
"Dustin Ackley","NYY","LF",3200000,1,"2016",3200000,3200000
"Martin Perez","TEX","SP",3150000,4,"2014",12500000,3125000
"Nick Hundley","COL","C",3150000,2,"2015",6250000,3125000
"Danny Valencia","OAK","3B",3150000,1,"2016",3150000,3150000
"Kenta Maeda","LAD","SP",3125000,8,"2016",2.5e+07,3125000
"Tom Wilhelmsen","TEX","RP",3100000,1,"2016",3100000,3100000
"Jeff Locke","PIT","SP",3025000,1,"2016",3025000,3025000
"Brian Dozier","MIN","2B",3e+06,4,"2015",2e+07,5e+06
"DJ LeMahieu","COL","2B",3e+06,2,"2016",7800000,3900000
"Oliver Perez","WSH","RP",3e+06,2,"2016",7e+06,3500000
"A.J. Pierzynski","ATL","C",3e+06,1,"2016",3e+06,3e+06
"Alexei Ramirez","SD","SS",3e+06,1,"2016",3e+06,3e+06
"David Freese","PIT","3B",3e+06,1,"2016",3e+06,3e+06
"Juan Nicasio","PIT","RP",3e+06,1,"2016",3e+06,3e+06
"Mat Latos","CWS","SP",3e+06,1,"2016",3e+06,3e+06
"Stephen Drew","WSH","SS",3e+06,1,"2016",3e+06,3e+06
"Jordan Lyles","COL","SP",2975000,1,"2016",2975000,2975000
"Marc Rzepczynski","OAK","RP",2950000,1,"2016",2950000,2950000
"Derek Norris","SD","C",2925000,1,"2016",2925000,2925000
"Zack Cozart","CIN","SS",2925000,1,"2016",2925000,2925000
"Chris Archer","TB","SP",2916667,6,"2014",25500000,4250000
"Michael Saunders","TOR","RF",2900000,1,"2016",2900000,2900000
"Danny Espinosa","WSH","SS",2875000,1,"2016",2875000,2875000
"Hyun-soo Kim","BAL","LF",2800000,2,"2016",7e+06,3500000
"Anthony Rendon","WSH","3B",2800000,1,"2016",2800000,2800000
"Geovany Soto","LAA","C",2800000,1,"2016",2800000,2800000
"Jose Fernandez","MIA","SP",2800000,1,"2016",2800000,2800000
"Wily Peralta","MIL","SP",2800000,1,"2016",2800000,2800000
"Yasmani Grandal","LAD","C",2800000,1,"2016",2800000,2800000
"Adam Eaton","CWS","RF",2750000,5,"2015",23500000,4700000
"Byung Ho Park","MIN","DH",2750000,4,"2016",1.2e+07,3e+06
"Bryan Shaw","CLE","RP",2750000,1,"2016",2750000,2750000
"Lonnie Chisenhall","CLE","RF",2725000,1,"2016",2725000,2725000
"Daniel Hudson","ARI","RP",2700000,1,"2016",2700000,2700000
"Yonder Alonso","OAK","1B",2650000,1,"2016",2650000,2650000
"Adeiny Hechavarria","MIA","SS",2625000,1,"2016",2625000,2625000
"Jean Segura","ARI","SS",2600000,1,"2016",2600000,2600000
"Joe Kelly","BOS","SP",2600000,1,"2016",2600000,2600000
"Mark Reynolds","COL","1B",2600000,1,"2016",2600000,2600000
"Vance Worley","BAL","SP",2600000,1,"2016",2600000,2600000
"Yan Gomes","CLE","C",2583333,6,"2014",2.3e+07,3833333
"Kelvin Herrera","KC","RP",2550000,2,"2015",4150000,2075000
"Patrick Corbin","ARI","SP",2525000,1,"2016",2525000,2525000
"Juan Lagares","NYM","CF",2500000,5,"2015",23553696,4710739
"Jung-ho Kang","PIT","3B",2500000,4,"2015",1.1e+07,2750000
"Brayan Pena","STL","C",2500000,2,"2016",5e+06,2500000
"David Ross","CHC","C",2500000,2,"2015",5e+06,2500000
"Alex Avila","CWS","C",2500000,1,"2016",2500000,2500000
"Bud Norris","ATL","SP",2500000,1,"2016",2500000,2500000
"Chris Carter","MIL","1B",2500000,1,"2016",2500000,2500000
"David Phelps","MIA","RP",2500000,1,"2016",2500000,2500000
"Jim Johnson","ATL","RP",2500000,1,"2016",2500000,2500000
"Sean Rodriguez","PIT","1B",2500000,1,"2016",2500000,2500000
"Seung-Hwan Oh","STL","RP",2500000,1,"2016",2500000,2500000
"Yusmeiro Petit","WSH","RP",2500000,1,"2016",2500000,2500000
"Didi Gregorius","NYY","SS",2425000,1,"2016",2425000,2425000
"Fernando Salas","LAA","RP",2400000,1,"2016",2400000,2400000
"Erasmo Ramirez","TB","SP",2375000,1,"2016",2375000,2375000
"Rubby De La Rosa","ARI","SP",2350000,1,"2016",2350000,2350000
"Casey Fien","MIN","RP",2275000,1,"2016",2275000,2275000
"Logan Forsythe","TB","2B",2250000,2,"2016",10250000,5125000
"Chad Qualls","COL","RP",2250000,2,"2016",6e+06,3e+06
"Josh Tomlin","CLE","SP",2250000,2,"2016",5500000,2750000
"Jared Hughes","PIT","RP",2175000,1,"2016",2175000,2175000
"Eduardo Escobar","MIN","SS",2150000,1,"2016",2150000,2150000
"Daniel Descalso","COL","SS",2100000,2,"2015",3600000,1800000
"Avisail Garcia","CWS","RF",2100000,1,"2016",2100000,2100000
"Jose Iglesias","DET","SS",2100000,1,"2016",2100000,2100000
"Jordy Mercer","PIT","SS",2075000,1,"2016",2075000,2075000
"Salvador Perez","KC","C",2e+06,6,"2016",54500000,9083333
"Mike Minor","KC","SP",2e+06,2,"2016",7250000,3625000
"Tyler Flowers","ATL","C",2e+06,2,"2016",5e+06,2500000
"Alexi Ogando","ATL","RP",2e+06,1,"2016",2e+06,2e+06
"Alfredo Simon","CIN","SP",2e+06,1,"2016",2e+06,2e+06
"Clayton Richard","CHC","RP",2e+06,1,"2016",2e+06,2e+06
"Dillon Gee","KC","SP",2e+06,1,"2016",2e+06,2e+06
"Felix Doubront","OAK","SP",2e+06,1,"2016",2e+06,2e+06
"Franklyn Morales","TOR","RP",2e+06,1,"2016",2e+06,2e+06
"Freddy Galvis","PHI","SS",2e+06,1,"2016",2e+06,2e+06
"Ichiro Suzuki","MIA","LF",2e+06,1,"2016",2e+06,2e+06
"Jimmy Rollins","CWS","SS",2e+06,1,"2016",2e+06,2e+06
"Kelly Johnson","ATL","2B",2e+06,1,"2016",2e+06,2e+06
"Marwin Gonzalez","HOU","SS",2e+06,1,"2016",2e+06,2e+06
"Matt Albers","CWS","RP",2e+06,1,"2016",2e+06,2e+06
"Mike Aviles","DET","SS",2e+06,1,"2016",2e+06,2e+06
"Peter Bourjos","PHI","LF",2e+06,1,"2016",2e+06,2e+06
"Ryan Vogelsong","PIT","SP",2e+06,1,"2016",2e+06,2e+06
"Tommy Hunter","CLE","RP",2e+06,1,"2016",2e+06,2e+06
"Sam Fuld","OAK","LF",1925000,1,"2016",1925000,1925000
"Josh Collmenter","ARI","RP",1825000,1,"2016",1825000,1825000
"Dylan Bundy","BAL","SP",1800000,1,"2016",1800000,1800000
"Eric O'Flaherty","ATL","RP",1750000,1,"2016",1750000,1750000
"Jarrod Dyson","KC","RF",1725000,1,"2016",1725000,1725000
"Adam Warren","CHC","RP",1700000,1,"2016",1700000,1700000
"Trevor Bauer","CLE","SP",1697500,1,"2016",1697500,1697500
"Justin Ruggiano","TEX","RF",1650000,1,"2016",1650000,1650000
"Matt Adams","STL","1B",1650000,1,"2016",1650000,1650000
"Charlie Furbush","SEA","RP",1600000,1,"2016",1600000,1600000
"Fernando Rodney","SD","RP",1600000,1,"2016",1600000,1600000
"Matt Thornton","SD","P",1600000,1,"2016",1600000,1600000
"Sean Doolittle","OAK","RP",1580000,5,"2014",10500000,2100000
"Robinson Chirinos","TEX","C",1550000,1,"2016",1550000,1550000
"Justin Wilson","DET","RP",1525000,1,"2016",1525000,1525000
"Cliff Pennington","LAA","2B",1500000,2,"2016",3750000,1875000
"Tony Barnette","TEX","RP",1500000,2,"2016",3500000,1750000
"Chris Capuano","MIL","RP",1500000,1,"2016",1500000,1500000
"Craig Breslow","MIA","RP",1500000,1,"2016",1500000,1500000
"Eric Sogard","OAK","2B",1500000,1,"2016",1500000,1500000
"Franklin Gutierrez","SEA","LF",1500000,1,"2016",1500000,1500000
"Hank Conger","TB","C",1500000,1,"2016",1500000,1500000
"James Russell","PHI","RP",1500000,1,"2016",1500000,1500000
"Jeff Mathis","MIA","C",1500000,1,"2016",1500000,1500000
"Rickie Weeks","ARI","LF",1500000,1,"2016",1500000,1500000
"Ruben Tejada","STL","SS",1500000,1,"2016",1500000,1500000
"Ryan Flaherty","BAL","2B",1500000,1,"2016",1500000,1500000
"Ryan Raburn","COL","OF",1500000,1,"2016",1500000,1500000
"Carlos Villanueva","SD","RP",1490314,1,"2016",1490314,1490314
"Eduardo Nunez","MIN","SS",1475000,1,"2016",1475000,1475000
"Tim Collins","KC","RP",1475000,1,"2016",1475000,1475000
"Will Smith","MIL","RP",1475000,1,"2016",1475000,1475000
"Andres Blanco","PHI","2B",1450000,1,"2016",1450000,1450000
"J.J. Hoover","CIN","RP",1400000,1,"2016",1400000,1400000
"Jeanmar Gomez","PHI","RP",1400000,1,"2016",1400000,1400000
"Seth Maness","STL","RP",1400000,1,"2016",1400000,1400000
"Jose Lobaton","WSH","C",1387500,1,"2016",1387500,1387500
"Daniel Nava","LAA","LF",1375000,1,"2016",1375000,1375000
"Chris Stewart","PIT","C",1350000,2,"2016",3e+06,1500000
"Bryan Morris","MIA","RP",1350000,1,"2016",1350000,1350000
"Drew Pomeranz","SD","RP",1350000,1,"2016",1350000,1350000
"Adam Ottavino","COL","RP",1300000,3,"2016",10400000,3466666
"Nolan Reimold","BAL","LF",1300000,1,"2016",1300000,1300000
"Zach McAllister","CLE","RP",1300000,1,"2016",1300000,1300000
"Justin Grimm","CHC","RP",1275000,1,"2016",1275000,1275000
"Randall Delgado","ARI","SP",1275000,1,"2016",1275000,1275000
"Jake Diekman","TEX","RP",1255000,1,"2016",1255000,1255000
"Kolten Wong","STL","2B",1250000,5,"2016",25500000,5100000
"Brad Brach","BAL","RP",1250000,1,"2016",1250000,1250000
"Chris Heisey","WSH","LF",1250000,1,"2016",1250000,1250000
"Fernando Abad","MIN","RP",1250000,1,"2016",1250000,1250000
"Gordon Beckham","ATL","3B",1250000,1,"2016",1250000,1250000
"Joel Peralta","SEA","RP",1250000,1,"2016",1250000,1250000
"Matt Belisle","WSH","RP",1250000,1,"2016",1250000,1250000
"Robbie Ross","BOS","RP",1250000,1,"2016",1250000,1250000
"Scott Van Slyke","LAD","LF",1225000,1,"2016",1225000,1225000
"Yordano Ventura","KC","SP",1200000,5,"2015",2.3e+07,4600000
"Chris Narveson","MIA","RP",1200000,1,"2016",1200000,1200000
"Brandon Guyer","TB","LF",1185000,1,"2016",1185000,1185000
"Drew Butera","KC","C",1162500,1,"2016",1162500,1162500
"George Kontos","SF","RP",1150000,1,"2016",1150000,1150000
"Martin Maldonado","MIL","C",1125000,2,"2015",1950000,975000
"Ryan Cook","SEA","RP",1100000,1,"2016",1100000,1100000
"Chris Hatcher","LAD","RP",1065000,1,"2016",1065000,1065000
"Aaron Loup","TOR","RP",1050000,1,"2016",1050000,1050000
"Carlos Torres","MIL","RP",1050000,1,"2016",1050000,1050000
"Darwin Barney","TOR","2B",1050000,1,"2016",1050000,1050000
"Fernando Rodriguez","OAK","RP",1050000,1,"2016",1050000,1050000
"Christian Yelich","MIA","LF",1e+06,7,"2015",49570000,7081428
"Tyler Chatwood","COL","SP",1e+06,2,"2015",2e+06,1e+06
"Brandon Barnes","COL","LF",1e+06,1,"2016",1e+06,1e+06
"Brett Wallace","SD","1B",1e+06,1,"2016",1e+06,1e+06
"Chien-Ming Wang","KC","SP",1e+06,1,"2016",1e+06,1e+06
"Collin Cowgill","CLE","LF",1e+06,1,"2016",1e+06,1e+06
"Cory Luebke","PIT","RP",1e+06,1,"2016",1e+06,1e+06
"Craig Gentry","LAA","LF",1e+06,1,"2016",1e+06,1e+06
"Dae-Ho Lee","SEA","1B",1e+06,1,"2016",1e+06,1e+06
"Dustin McGowan","MIA","RP",1e+06,1,"2016",1e+06,1e+06
"Gavin Floyd","TOR","RP",1e+06,1,"2016",1e+06,1e+06
"Jeff Francoeur","ATL","RF",1e+06,1,"2016",1e+06,1e+06
"Marlon Byrd","CLE","RF",1e+06,1,"2016",1e+06,1e+06
"Matt Joyce","PIT","LF",1e+06,1,"2016",1e+06,1e+06
"Ross Detwiler","CLE","RP",1e+06,1,"2016",1e+06,1e+06
"Ryan Webb","TB","RP",1e+06,1,"2016",1e+06,1e+06
"Carter Capps","MIA","RP",987500,1,"2016",987500,987500
"Chris Gimenez","TEX","C",975000,1,"2016",975000,975000
"Zach Putnam","CWS","RP",975000,1,"2016",975000,975000
"Blaine Boyer","MIL","RP",950000,1,"2016",950000,950000
"Emmanuel Burriss","PHI","2B",925000,1,"2016",925000,925000
"Nate Jones","CWS","RP",9e+05,3,"2016",8e+06,2666666
"Andrew Romine","DET","3B",9e+05,1,"2016",9e+05,9e+05
"Josh Fields","HOU","RP",9e+05,1,"2016",9e+05,9e+05
"Tanner Scheppers","TEX","RP",9e+05,1,"2016",9e+05,9e+05
"Arodys Vizcaino","ATL","RP",897500,1,"2016",897500,897500
"Dana Eveland","TB","RP",895000,1,"2016",895000,895000
"Erik Kratz","HOU","C",850000,1,"2016",850000,850000
"Jarrod Parker","OAK","SP",850000,1,"2016",850000,850000
"Dan Jennings","CWS","RP",810000,1,"2016",810000,810000
"Evan Scribner","SEA","RP",807500,1,"2016",807500,807500
"Adam Rosales","SD","1B",8e+05,1,"2016",8e+05,8e+05
"Josh Thole","TOR","C",8e+05,1,"2016",8e+05,8e+05
"Ross Ohlendorf","CIN","RP",8e+05,1,"2016",8e+05,8e+05
"Jeff Manship","CLE","RP",765000,1,"2016",765000,765000
"Louis Coleman","LAD","RP",725000,1,"2016",725000,725000
"Jason Gurka","COL","RP",660000,1,"2016",660000,660000
"Kris Bryant","CHC","3B",652000,1,"2016",652000,652000
"Ji-Man Choi","LAA","1B",650000,1,"2016",650000,650000
"Xander Bogaerts","BOS","SS",650000,1,"2016",650000,650000
"Josh Edgin","NYM","RP",625000,1,"2016",625000,625000
"Jacob deGrom","NYM","SP",607000,1,"2016",607000,607000
"Brock Holt","BOS","2B",606000,1,"2016",606000,606000
"Blake Wood","CIN","RP",6e+05,1,"2016",6e+05,6e+05
"Jim Henderson","NYM","RP",6e+05,1,"2016",6e+05,6e+05
"Kyle Gibson","MIN","SP",587500,1,"2016",587500,587500
"Eric Fryer","STL","C",575000,1,"2016",575000,575000
"Logan Kensing","DET","RP",575000,1,"2016",575000,575000
"Aaron Hicks","NYY","CF",574000,1,"2016",574000,574000
"Billy Hamilton","CIN","CF",570000,1,"2016",570000,570000
"Marcell Ozuna","MIA","CF",570000,1,"2016",570000,570000
"Mookie Betts","BOS","CF",566000,1,"2016",566000,566000
"Tom Layne","BOS","RP",563750,1,"2016",563750,563750
"Austin Romine","NYY","C",556000,1,"2016",556000,556000
"Cole Figueroa","PIT","2B",550000,1,"2016",550000,550000
"Cory Gearrin","SF","RP",550000,1,"2016",550000,550000
"Jarred Cosart","MIA","SP",550000,1,"2016",550000,550000
"Gerrit Cole","PIT","SP",548000,1,"2016",548000,548000
"Miguel Sano","MIN","RF",547500,1,"2016",547500,547500
"Jackie Bradley Jr.","BOS","CF",546500,1,"2016",546500,546500
"Zack Wheeler","NYM","SP",546250,1,"2016",546250,546250
"Eugenio Suarez","CIN","3B",545000,1,"2016",545000,545000
"Joe Panik","SF","2B",545000,1,"2016",545000,545000
"Trevor May","MIN","RP",545000,1,"2016",545000,545000
"Tanner Roark","WSH","SP",543400,1,"2016",543400,543400
"Travis d'Arnaud","NYM","C",542604,1,"2016",542604,542604
"Eddie Rosario","MIN","LF",542500,1,"2016",542500,542500
"Kyle Hendricks","CHC","SP",541000,1,"2016",541000,541000
"Francisco Lindor","CLE","SS",540300,1,"2016",540300,540300
"Anthony DeSclafani","CIN","SP",540000,1,"2016",540000,540000
"Brandon Workman","BOS","SP",539500,1,"2016",539500,539500
"Carlos Martinez","STL","SP",539000,1,"2016",539000,539000
"Kevin Siegrist","STL","RP",539000,1,"2016",539000,539000
"Michael Wacha","STL","SP",539000,1,"2016",539000,539000
"Danny Santana","MIN","SS",537500,1,"2016",537500,537500
"Justin Bour","MIA","1B",537500,1,"2016",537500,537500
"Matt Duffy","SF","3B",537500,1,"2016",537500,537500
"Nick Castellanos","DET","3B",536500,1,"2016",536500,536500
"Danny Salazar","CLE","SP",536200,1,"2016",536200,536200
"Noah Syndergaard","NYM","SP",535375,1,"2016",535375,535375
"Charlie Culberson","LAD","3B",535000,1,"2016",535000,535000
"Gregory Polanco","PIT","RF",535000,1,"2016",535000,535000
"Jacob Petricka","CWS","RP",535000,1,"2016",535000,535000
"Jerry Sands","CWS","RF",535000,1,"2016",535000,535000
"Oswaldo Arcia","MIN","LF",535000,1,"2016",535000,535000
"Clint Robinson","WSH","1B",534900,1,"2016",534900,534900
"Chasen Shreve","NYY","RP",533400,1,"2016",533400,533400
"Vidal Nuno","SEA","RP",532900,1,"2016",532900,532900
"Arquimedes Caminero","PIT","RP",532500,1,"2016",532500,532500
"J.T. Realmuto","MIA","C",532500,1,"2016",532500,532500
"Johnny Giavotella","LAA","2B",532500,1,"2016",532500,532500
"Kevin Gausman","BAL","SP",532000,1,"2016",532000,532000
"Tommy La Stella","CHC","2B",532000,1,"2016",532000,532000
"Chris Owings","ARI","2B",530500,1,"2016",530500,530500
"Alex Wood","LAD","SP",530000,1,"2016",530000,530000
"Chris Heston","SF","SP",530000,1,"2016",530000,530000
"Cody Asche","PHI","LF",530000,1,"2016",530000,530000
"Matt Shoemaker","LAA","SP",530000,1,"2016",530000,530000
"Tony Cingrani","CIN","RP",530000,1,"2016",530000,530000
"David Peralta","ARI","LF",529600,1,"2016",529600,529600
"Carson Smith","BOS","RP",529000,1,"2016",529000,529000
"Collin McHugh","HOU","SP",529000,1,"2016",529000,529000
"John Ryan Murphy","MIN","C",528700,1,"2016",528700,528700
"Taijuan Walker","SEA","SP",528600,1,"2016",528600,528600
"Ken Giles","HOU","RP",528200,1,"2016",528200,528200
"Odubel Herrera","PHI","CF",528000,1,"2016",528000,528000
"Brad Miller","TB","SS",527600,1,"2016",527600,527600
"Sonny Gray","OAK","SP",527500,1,"2016",527500,527500
"Stephen Vogt","OAK","C",527500,1,"2016",527500,527500
"Addison Russell","CHC","SS",527000,1,"2016",527000,527000
"Danny Farquhar","TB","RP",527000,1,"2016",527000,527000
"Darin Ruf","PHI","1B",527000,1,"2016",527000,527000
"Brandon Maurer","SD","RP",526400,1,"2016",526400,526400
"Wilmer Flores","NYM","SS",526014,1,"2016",526014,526014
"Nick Vincent","SEA","RP",525500,1,"2016",525500,525500
"Will Harris","HOU","RP",525500,1,"2016",525500,525500
"Yangervis Solarte","SD","3B",525500,1,"2016",525500,525500
"Greg Bird","NYY","1B",525300,1,"2016",525300,525300
"Sam Dyson","TEX","RP",525270,1,"2016",525270,525270
"Anthony Gose","DET","CF",525000,1,"2016",525000,525000
"C.J. Cron","LAA","1B",525000,1,"2016",525000,525000
"Cesar Hernandez","PHI","2B",525000,1,"2016",525000,525000
"Jumbo Diaz","CIN","RP",525000,1,"2016",525000,525000
"Blake Treinen","WSH","RP",524900,1,"2016",524900,524900
"Chase Whitley","TB","RP",524525,1,"2016",524525,524525
"Khris Davis","OAK","LF",524500,1,"2016",524500,524500
"Neil Ramirez","CHC","RP",524500,1,"2016",524500,524500
"Zac Rosscup","CHC","RP",524500,1,"2016",524500,524500
"Mike Fiers","HOU","SP",524100,1,"2016",524100,524100
"Xavier Cedeno","TB","RP",524100,1,"2016",524100,524100
"Michael Taylor","WSH","LF",524000,1,"2016",524000,524000
"Wil Myers","SD","1B",523900,1,"2016",523900,523900
"Nate Karns","SEA","SP",523700,1,"2016",523700,523700
"Caleb Joseph","BAL","C",523500,1,"2016",523500,523500
"T.J. McFarland","BAL","RP",523500,1,"2016",523500,523500
"Liam Hendriks","OAK","RP",523400,1,"2016",523400,523400
"Ender Inciarte","ATL","RF",523000,1,"2016",523000,523000
"Corey Dickerson","TB","RF",522900,1,"2016",522900,522900
"Rougned Odor","TEX","2B",522700,1,"2016",522700,522700
"Alex Wilson","DET","RP",522500,1,"2016",522500,522500
"Derek Dietrich","MIA","3B",522500,1,"2016",522500,522500
"Jonathan Schoop","BAL","2B",522500,1,"2016",522500,522500
"George Springer","HOU","RF",522400,1,"2016",522400,522400
"Jimmy Nelson","MIL","SP",522300,1,"2016",522300,522300
"Kyle Schwarber","CHC","LF",522000,1,"2016",522000,522000
"Ezequiel Carrera","TOR","LF",521800,1,"2016",521800,521800
"Alex Colome","TB","RP",521700,1,"2016",521700,521700
"Nick Ahmed","ARI","SS",521600,1,"2016",521600,521600
"Chris Colabello","TOR","1B",521300,1,"2016",521300,521300
"Luis Severino","NYY","SP",521300,1,"2016",521300,521300
"Kevin Quackenbush","SD","RP",521200,1,"2016",521200,521200
"Kevin Pillar","TOR","CF",521100,1,"2016",521100,521100
"Eduardo Rodriguez","BOS","SP",521000,1,"2016",521000,521000
"J.B. Shuck","CWS","RF",521000,1,"2016",521000,521000
"Robbie Ray","ARI","SP",521000,1,"2016",521000,521000
"Jake Odorizzi","TB","SP",520700,1,"2016",520700,520700
"Blaine Hardy","DET","RP",520500,1,"2016",520500,520500
"Jace Peterson","ATL","2B",520500,1,"2016",520500,520500
"Paco Rodriguez","ATL","RP",520500,1,"2016",520500,520500
"Jake Lamb","ARI","3B",520300,1,"2016",520300,520300
"Chase Anderson","MIL","SP",520200,1,"2016",520200,520200
"Ryan Goins","TOR","2B",520200,1,"2016",520200,520200
"Buddy Baumann","SD","RP",520000,1,"2016",520000,520000
"Dan Otero","CLE","RP",520000,1,"2016",520000,520000
"Jimmy Paredes","BAL","DH",520000,1,"2016",520000,520000
"Joc Pederson","LAD","CF",520000,1,"2016",520000,520000
"Kike Hernandez","LAD","LF",520000,1,"2016",520000,520000
"Kyle Lobstein","PIT","RP",520000,1,"2016",520000,520000
"Mike Morin","LAA","RP",520000,1,"2016",520000,520000
"Pedro Baez","LAD","RP",520000,1,"2016",520000,520000
"Randal Grichuk","STL","CF",520000,1,"2016",520000,520000
"Ryan Buchter","SD","RP",520000,1,"2016",520000,520000
"Ryan Pressly","MIN","RP",520000,1,"2016",520000,520000
"Andrew Chafin","ARI","RP",519700,1,"2016",519700,519700
"Jake Marisnick","HOU","CF",519500,1,"2016",519500,519500
"James McCann","DET","C",519500,1,"2016",519500,519500
"Aaron Barrett","WSH","RP",519400,1,"2016",519400,519400
"Steven Geltz","TB","RP",519300,1,"2016",519300,519300
"Brad Boxberger","TB","RP",519200,1,"2016",519200,519200
"Jeremy Jeffress","MIL","RP",519100,1,"2016",519100,519100
"Bryan Holaday","TEX","C",519000,1,"2016",519000,519000
"Blake Swihart","BOS","C",518500,1,"2016",518500,518500
"Taylor Jungmann","MIL","SP",518500,1,"2016",518500,518500
"Christian Colon","KC","2B",518425,1,"2016",518425,518425
"Jose Ramirez","CLE","SS",518200,1,"2016",518200,518200
"Scooter Gennett","MIL","2B",518100,1,"2016",518100,518100
"Brett Oberholtzer","PHI","RP",518000,1,"2016",518000,518000
"Cameron Rupp","PHI","C",518000,1,"2016",518000,518000
"Carlos Rodon","CWS","SP",518000,1,"2016",518000,518000
"Keone Kela","TEX","RP",518000,1,"2016",518000,518000
"Aaron Sanchez","TOR","SP",517800,1,"2016",517800,517800
"Cory Spangenberg","SD","2B",517700,1,"2016",517700,517700
"Aaron Nola","PHI","SP",517500,1,"2016",517500,517500
"Hunter Strickland","SF","RP",517500,1,"2016",517500,517500
"Maikel Franco","PHI","3B",517500,1,"2016",517500,517500
"Tucker Barnhart","CIN","C",517500,1,"2016",517500,517500
"Yimi Garcia","LAD","RP",517500,1,"2016",517500,517500
"Delino DeShields Jr.","TEX","CF",517300,1,"2016",517300,517300
"Michael Conforto","NYM","LF",517246,1,"2016",517246,517246
"Ivan De Jesus","CIN","2B",517000,1,"2016",517000,517000
"Shane Greene","DET","SP",517000,1,"2016",517000,517000
"Carlos Correa","HOU","SS",516700,1,"2016",516700,516700
"Lance McCullers","HOU","SP",516700,1,"2016",516700,516700
"Bryan Mitchell","NYY","RP",516650,1,"2016",516650,516650
"Hansel Robles","NYM","RP",516500,1,"2016",516500,516500
"Michael Lorenzen","CIN","RP",516500,1,"2016",516500,516500
"Steve Clevenger","SEA","C",516500,1,"2016",516500,516500
"Felipe Rivero","WSH","RP",516100,1,"2016",516100,516100
"Roberto Osuna","TOR","RP",516100,1,"2016",516100,516100
"Steven Souza","TB","RF",516100,1,"2016",516100,516100
"Jerad Eickhoff","PHI","SP",516000,1,"2016",516000,516000
"Vincent Velasquez","PHI","SP",516000,1,"2016",516000,516000
"Chris Herrmann","ARI","C",515900,1,"2016",515900,515900
"Marcus Stroman","TOR","SP",515900,1,"2016",515900,515900
"Roberto Perez","CLE","C",515800,1,"2016",515800,515800
"Steven Matz","NYM","SP",515750,1,"2016",515750,515750
"Aaron Altherr","PHI","CF",515500,1,"2016",515500,515500
"Ketel Marte","SEA","SS",515400,1,"2016",515400,515400
"Andrew Heaney","LAA","SP",515000,1,"2016",515000,515000
"Hector Neris","PHI","RP",515000,1,"2016",515000,515000
"Josh Ravin","LAD","RP",515000,1,"2016",515000,515000
"Michael Bolsinger","LAD","SP",515000,1,"2016",515000,515000
"Michael Tonkin","MIN","RP",515000,1,"2016",515000,515000
"Mike Montgomery","SEA","RP",515000,1,"2016",515000,515000
"Preston Tucker","HOU","OF",515000,1,"2016",515000,515000
"Travis Shaw","BOS","3B",515000,1,"2016",515000,515000
"Logan Verrett","NYM","RP",514875,1,"2016",514875,514875
"Cory Rasmus","LAA","RP",514500,1,"2016",514500,514500
"Daniel Norris","DET","SP",514500,1,"2016",514500,514500
"Steven Wright","BOS","SP",514500,1,"2016",514500,514500
"Tim Beckham","TB","2B",514500,1,"2016",514500,514500
"Joe Ross","WSH","SP",514400,1,"2016",514400,514400
"Kevin Kiermaier","TB","CF",514400,1,"2016",514400,514400
"Paulo Orlando","KC","RF",514250,1,"2016",514250,514250
"Michael Blazek","MIL","RP",514200,1,"2016",514200,514200
"Dalier Hinojosa","PHI","RP",514000,1,"2016",514000,514000
"Kirk Nieuwenhuis","MIL","LF",514000,1,"2016",514000,514000
"Philip Gosselin","ARI","3B",513900,1,"2016",513900,513900
"Tyler Thornburg","MIL","RP",513900,1,"2016",513900,513900
"Domingo Santana","MIL","RF",513800,1,"2016",513800,513800
"Curt Casali","TB","C",513600,1,"2016",513600,513600
"Eric Campbell","NYM","3B",513308,1,"2016",513308,513308
"Bo Schultz","TOR","RP",513300,1,"2016",513300,513300
"Carlos Perez","LAA","C",513000,1,"2016",513000,513000
"Christian Vazquez","BOS","C",513000,1,"2016",513000,513000
"Corey Knebel","MIL","RP",513000,1,"2016",513000,513000
"Tyler Saladino","CWS","3B",513000,1,"2016",513000,513000
"Jonathan Villar","MIL","SS",512900,1,"2016",512900,512900
"Adam Conley","MIA","SP",512500,1,"2016",512500,512500
"Austin Barnes","LAD","C",512500,1,"2016",512500,512500
"Ben Paulsen","COL","1B",512500,1,"2016",512500,512500
"Billy Burns","OAK","CF",512500,1,"2016",512500,512500
"Byron Buxton","MIN","CF",512500,1,"2016",512500,512500
"Chad Bettis","COL","SP",512500,1,"2016",512500,512500
"Chris Rusin","COL","RP",512500,1,"2016",512500,512500
"Christian Bergman","COL","RP",512500,1,"2016",512500,512500
"Ehire Adrianza","SF","SS",512500,1,"2016",512500,512500
"Josh Osich","SF","RP",512500,1,"2016",512500,512500
"Josh Phegley","OAK","C",512500,1,"2016",512500,512500
"Kelby Tomlinson","SF","2B",512500,1,"2016",512500,512500
"Kendall Graveman","OAK","SP",512500,1,"2016",512500,512500
"Marcus Semien","OAK","SS",512500,1,"2016",512500,512500
"Mario Hollands","PHI","RP",512500,1,"2016",512500,512500
"Mark Canha","OAK","LF",512500,1,"2016",512500,512500
"Michael Mariot","PHI","RP",512500,1,"2016",512500,512500
"Stephen Piscotty","STL","RF",512500,1,"2016",512500,512500
"Trayce Thompson","LAD","CF",512500,1,"2016",512500,512500
"Tyler Lyons","STL","RP",512500,1,"2016",512500,512500
"Dan Straily","CIN","RP",512100,1,"2016",512100,512100
"Javier Baez","CHC","SS",512000,1,"2016",512000,512000
"Jesus Sucre","SEA","C",512000,1,"2016",512000,512000
"Luis Sardinas","SEA","2B",512000,1,"2016",512000,512000
"Kirby Yates","NYY","RP",511900,1,"2016",511900,511900
"Andrew McKirahan","ATL","RP",511750,1,"2016",511750,511750
"Brandon Finnegan","CIN","SP",511500,1,"2016",511500,511500
"Hanser Alberto","TEX","3B",511500,1,"2016",511500,511500
"Matt Szczur","CHC","CF",511500,1,"2016",511500,511500
"Mychal Givens","BAL","RP",511500,1,"2016",511500,511500
"Tyler Wilson","BAL","RP",511500,1,"2016",511500,511500
"Cody Anderson","CLE","SP",511400,1,"2016",511400,511400
"Kevin Plawecki","NYM","C",511360,1,"2016",511360,511360
"Williams Perez","ATL","SP",511250,1,"2016",511250,511250
"Christian Bethancourt","SD","C",511200,1,"2016",511200,511200
"Devon Travis","TOR","2B",511200,1,"2016",511200,511200
"Matt Barnes","BOS","RP",511000,1,"2016",511000,511000
"Miguel Rojas","MIA","3B",511000,1,"2016",511000,511000
"Tony Zych","SEA","RP",511000,1,"2016",511000,511000
"Arnold Leon","TOR","RP",510500,1,"2016",510500,510500
"Cam Bedrosian","LAA","RP",510500,1,"2016",510500,510500
"Mike Wright","BAL","SP",510500,1,"2016",510500,510500
"Tyler Collins","DET","OF",510500,1,"2016",510500,510500
"Colin Rea","SD","SP",510200,1,"2016",510200,510200
"Matt Duffy","HOU","3B",510200,1,"2016",510200,510200
"Ryan Rua","TEX","LF",510120,1,"2016",510120,510120
"Aaron Brooks","CHC","SP",510000,1,"2016",510000,510000
"Adam Duvall","CIN","1B",510000,1,"2016",510000,510000
"Ariel Pena","MIL","SP",510000,1,"2016",510000,510000
"Chris Bassitt","OAK","SP",510000,1,"2016",510000,510000
"Corey Seager","LAD","SS",510000,1,"2016",510000,510000
"Elias Diaz","PIT","C",510000,1,"2016",510000,510000
"Enny Romero","TB","RP",510000,1,"2016",510000,510000
"Frankie Montas","LAD","RP",510000,1,"2016",510000,510000
"R.J. Alvarez","OAK","RP",510000,1,"2016",510000,510000
"Thomas Pham","STL","CF",510000,1,"2016",510000,510000
"Mason Williams","NYY","CF",509700,1,"2016",509700,509700
"Sean Nolin","MIL","RP",509700,1,"2016",509700,509700
"Caleb Cotham","CIN","RP",509675,1,"2016",509675,509675
"Jon Edwards","SD","RP",509600,1,"2016",509600,509600
"Buck Farmer","DET","RP",509500,1,"2016",509500,509500
"Cristhian Adames","COL","SS",509500,1,"2016",509500,509500
"Drew VerHagen","DET","RP",509500,1,"2016",509500,509500
"Jairo Diaz","COL","RP",509500,1,"2016",509500,509500
"Jon Gray","COL","SP",509500,1,"2016",509500,509500
"Justin Miller","COL","RP",509500,1,"2016",509500,509500
"Kyle Ryan","DET","RP",509500,1,"2016",509500,509500
"Miguel Castro","COL","RP",509500,1,"2016",509500,509500
"Noe Ramirez","BOS","RP",509500,1,"2016",509500,509500
"Phil Klein","TEX","RP",509500,1,"2016",509500,509500
"Tyler Anderson","COL","SP",509500,1,"2016",509500,509500
"Tyler Matzek","COL","SP",509500,1,"2016",509500,509500
"Silvino Bracho","ARI","RP",509300,1,"2016",509300,509300
"Yhonathan Barrios","MIL","RP",509200,1,"2016",509200,509200
"Mitch Harris","STL","RP",509000,1,"2016",509000,509000
"Brandon Drury","ARI","3B",508900,1,"2016",508900,508900
"Ramon Flores","MIL","LF",508800,1,"2016",508800,508800
"Travis Jankowski","SD","CF",508800,1,"2016",508800,508800
"Adonis Garcia","ATL","3B",508750,1,"2016",508750,508750
"Ronald Torreyes","NYY","SS",508600,1,"2016",508600,508600
"Yadiel Rivera","MIL","SS",508600,1,"2016",508600,508600
"Andrew Faulkner","TEX","RP",508500,1,"2016",508500,508500
"Angel Nesbitt","DET","RP",508500,1,"2016",508500,508500
"Dallas Beeler","CHC","SP",508500,1,"2016",508500,508500
"Dan Winkler","ATL","RP",508500,1,"2016",508500,508500
"Keon Broxton","MIL","CF",508500,1,"2016",508500,508500
"Luke Jackson","TEX","RP",508500,1,"2016",508500,508500
"Raudel Lazo","MIA","RP",508500,1,"2016",508500,508500
"Rymer Liriano","MIL","LF",508500,1,"2016",508500,508500
"Socrates Brito","ARI","CF",508500,1,"2016",508500,508500
"Terrance Gore","KC","LF",508500,1,"2016",508500,508500
"Trevor Brown","SF","C",508500,1,"2016",508500,508500
"Reymond Fuentes","KC","RF",508450,1,"2016",508450,508450
"Max Stassi","HOU","C",508200,1,"2016",508200,508200
"Michael Feliz","HOU","RP",508200,1,"2016",508200,508200
"Jon Moscot","CIN","SP",508000,1,"2016",508000,508000
"Kyle Skipworth","CIN","C",508000,1,"2016",508000,508000
"Shae Simmons","ATL","RP",508000,1,"2016",508000,508000
"Tyler Holt","CIN","CF",508000,1,"2016",508000,508000
"Cedric Hunter","PHI","RF",507500,1,"2016",507500,507500
"Christian Villanueva","CHC","3B",507500,1,"2016",507500,507500
"Colin Walsh","MIL","2B",507500,1,"2016",507500,507500
"Daniel Stumpf","PHI","RP",507500,1,"2016",507500,507500
"Dellin Betances","NYY","RP",507500,1,"2016",507500,507500
"Drew Stubbs","ATL","CF",507500,1,"2016",507500,507500
"Edwin Jackson","MIA","P",507500,1,"2016",507500,507500
"Greg Garcia","STL","2B",507500,1,"2016",507500,507500
"Jabari Blash","SD","RF",507500,1,"2016",507500,507500
"Jake Barrett","ARI","RP",507500,1,"2016",507500,507500
"Jake Cave","CIN","LF",507500,1,"2016",507500,507500
"Jarrod Saltalamacchia","DET","C",507500,1,"2016",507500,507500
"Jeff Ferrell","DET","RP",507500,1,"2016",507500,507500
"Jeremy Hazelbaker","STL","RF",507500,1,"2016",507500,507500
"Jesse Biddle","ATL","SP",507500,1,"2016",507500,507500
"Joe Biagini","TOR","RP",507500,1,"2016",507500,507500
"Joey Rickard","BAL","CF",507500,1,"2016",507500,507500
"John Barbato","NYY","RP",507500,1,"2016",507500,507500
"John Gant","ATL","RP",507500,1,"2016",507500,507500
"John Lamb","CIN","SP",507500,1,"2016",507500,507500
"Jose A. Ramirez","ATL","RP",507500,1,"2016",507500,507500
"Jose Alvarez","LAA","RP",507500,1,"2016",507500,507500
"Keyvius Sampson","CIN","SP",507500,1,"2016",507500,507500
"Luis Cessa","NYY","RF",507500,1,"2016",507500,507500
"Luis Perdomo","SD","RP",507500,1,"2016",507500,507500
"Manny Banuelos","ATL","SP",507500,1,"2016",507500,507500
"Matt Bowman","STL","SP",507500,1,"2016",507500,507500
"Matt Wisler","ATL","SP",507500,1,"2016",507500,507500
"Ross Stripling","LAD","SP",507500,1,"2016",507500,507500
"Ryan Dull","OAK","RP",507500,1,"2016",507500,507500
"Scott Schebler","CIN","LF",507500,1,"2016",507500,507500
"Tony Wolters","COL","C",507500,1,"2016",507500,507500
"Trevor Story","COL","SS",507500,1,"2016",507500,507500
"Tyler Goeddel","PHI","RF",507500,1,"2016",507500,507500
"Tyler Naquin","CLE","CF",507500,1,"2016",507500,507500
"Tyler White","HOU","1B",507500,1,"2016",507500,507500
"Yorman Rodriguez","CIN","CF",507500,1,"2016",507500,507500
"Zach Jones","MIL","RP",507500,1,"2016",507500,507500
